-- VehicleLink
-- Seed: starter data
-- Generated by splitting init.sql into migration + seed
-- MySQL 8+

-- NOTE: These scripts assume you have already created and selected your database.
-- Example:
--   CREATE DATABASE IF NOT EXISTS vehiclelink;
--   USE vehiclelink;

SET NAMES utf8mb4;
SET FOREIGN_KEY_CHECKS = 0;

-- ===============
-- Seed data
-- ===============


INSERT INTO makes (id, name) VALUES
  (1, 'Ford'),
  (2, 'Chevrolet'),
  (3, 'GMC'),
  (4, 'Jeep'),
  (5, 'Cadillac'),
  (6, 'Buick'),
  (7, 'Chrysler'),
  (8, 'Dodge'),
  (9, 'Lincoln'),
  (10, 'Ram');

INSERT INTO models (id, make_id, name) VALUES
  (1, 1, 'F-150'),
  (2, 1, 'F-250 Super Duty'),
  (3, 1, 'Ranger'),
  (4, 1, 'Expedition'),
  (5, 2, 'Silverado 1500'),
  (6, 2, 'Silverado 2500HD'),
  (7, 2, 'Colorado'),
  (8, 2, 'Tahoe'),
  (9, 3, 'Sierra 1500'),
  (10, 3, 'Sierra 2500HD'),
  (11, 3, 'Canyon'),
  (12, 3, 'Yukon'),
  (13, 4, 'Grand Cherokee'),
  (14, 4, 'Wrangler'),
  (15, 4, 'Cherokee'),
  (16, 4, 'Commander'),
  (17, 5, 'Escalade EXT'),
  (18, 5, 'Escalade'),
  (19, 5, 'SRX'),
  (20, 6, 'Rainier'),
  (21, 6, 'Enclave'),
  (22, 7, 'Aspen'),
  (23, 7, 'Pacifica'),
  (24, 8, 'Dakota'),
  (25, 8, 'Durango'),
  (26, 8, 'Ram 1500'),
  (27, 9, 'Mark LT'),
  (28, 9, 'Navigator'),
  (29, 9, 'Blackwood'),
  (30, 10, '1500'),
  (31, 10, '2500'),
  (32, 10, '3500');

INSERT INTO lot_spaces (code) VALUES
  ('A1'),
  ('A2'),
  ('A3'),
  ('A4'),
  ('A5'),
  ('A6'),
  ('A7'),
  ('A8'),
  ('A9'),
  ('A10'),
  ('A11'),
  ('A12'),
  ('A13'),
  ('A14'),
  ('A15'),
  ('A16'),
  ('A17'),
  ('A18'),
  ('A19'),
  ('A20'),
  ('B1'),
  ('B2'),
  ('B3'),
  ('B4'),
  ('B5'),
  ('B6'),
  ('B7'),
  ('B8'),
  ('B9'),
  ('B10'),
  ('B11'),
  ('B12'),
  ('B13'),
  ('B14'),
  ('B15'),
  ('B16'),
  ('B17'),
  ('B18'),
  ('B19'),
  ('B20'),
  ('C1'),
  ('C2'),
  ('C3'),
  ('C4'),
  ('C5'),
  ('C6'),
  ('C7'),
  ('C8'),
  ('C9'),
  ('C10'),
  ('C11'),
  ('C12'),
  ('C13'),
  ('C14'),
  ('C15'),
  ('C16'),
  ('C17'),
  ('C18'),
  ('C19'),
  ('C20'),
  ('D1'),
  ('D2'),
  ('D3'),
  ('D4'),
  ('D5'),
  ('D6'),
  ('D7'),
  ('D8'),
  ('D9'),
  ('D10'),
  ('D11'),
  ('D12'),
  ('D13'),
  ('D14'),
  ('D15'),
  ('D16'),
  ('D17'),
  ('D18'),
  ('D19'),
  ('D20'),
  ('E1'),
  ('E2'),
  ('E3'),
  ('E4'),
  ('E5'),
  ('E6'),
  ('E7'),
  ('E8'),
  ('E9'),
  ('E10'),
  ('E11'),
  ('E12'),
  ('E13'),
  ('E14'),
  ('E15'),
  ('E16'),
  ('E17'),
  ('E18'),
  ('E19'),
  ('E20'),
  ('F1'),
  ('F2'),
  ('F3'),
  ('F4'),
  ('F5'),
  ('F6'),
  ('F7'),
  ('F8'),
  ('F9'),
  ('F10'),
  ('F11'),
  ('F12'),
  ('F13'),
  ('F14'),
  ('F15'),
  ('F16'),
  ('F17'),
  ('F18'),
  ('F19'),
  ('F20'),
  ('G1'),
  ('G2'),
  ('G3'),
  ('G4'),
  ('G5'),
  ('G6'),
  ('G7'),
  ('G8'),
  ('G9'),
  ('G10'),
  ('G11'),
  ('G12'),
  ('G13'),
  ('G14'),
  ('G15'),
  ('G16'),
  ('G17'),
  ('G18'),
  ('G19'),
  ('G20'),
  ('H1'),
  ('H2'),
  ('H3'),
  ('H4'),
  ('H5'),
  ('H6'),
  ('H7'),
  ('H8'),
  ('H9'),
  ('H10'),
  ('H11'),
  ('H12'),
  ('H13'),
  ('H14'),
  ('H15'),
  ('H16'),
  ('H17'),
  ('H18'),
  ('H19'),
  ('H20'),
  ('I1'),
  ('I2'),
  ('I3'),
  ('I4'),
  ('I5'),
  ('I6'),
  ('I7'),
  ('I8'),
  ('I9'),
  ('I10'),
  ('I11'),
  ('I12'),
  ('I13'),
  ('I14'),
  ('I15'),
  ('I16'),
  ('I17'),
  ('I18'),
  ('I19'),
  ('I20'),
  ('J1'),
  ('J2'),
  ('J3'),
  ('J4'),
  ('J5'),
  ('J6'),
  ('J7'),
  ('J8'),
  ('J9'),
  ('J10'),
  ('J11'),
  ('J12'),
  ('J13'),
  ('J14'),
  ('J15'),
  ('J16'),
  ('J17'),
  ('J18'),
  ('J19'),
  ('J20'),
  ('K1'),
  ('K2'),
  ('K3'),
  ('K4'),
  ('K5'),
  ('K6'),
  ('K7'),
  ('K8'),
  ('K9'),
  ('K10'),
  ('K11'),
  ('K12'),
  ('K13'),
  ('K14'),
  ('K15'),
  ('K16'),
  ('K17'),
  ('K18'),
  ('K19'),
  ('K20'),
  ('L1'),
  ('L2'),
  ('L3'),
  ('L4'),
  ('L5'),
  ('L6'),
  ('L7'),
  ('L8'),
  ('L9'),
  ('L10'),
  ('L11'),
  ('L12'),
  ('L13'),
  ('L14'),
  ('L15'),
  ('L16'),
  ('L17'),
  ('L18'),
  ('L19'),
  ('L20'),
  ('M1'),
  ('M2'),
  ('M3'),
  ('M4'),
  ('M5'),
  ('M6'),
  ('M7'),
  ('M8'),
  ('M9'),
  ('M10'),
  ('M11'),
  ('M12'),
  ('M13'),
  ('M14'),
  ('M15'),
  ('M16'),
  ('M17'),
  ('M18'),
  ('M19'),
  ('M20');

INSERT INTO part_categories (id, name) VALUES
  (1, 'Air Conditioning'),
  (2, 'Drivetrain'),
  (3, 'Body'),
  (4, 'Brakes'),
  (5, 'Cooling'),
  (6, 'Dash'),
  (7, 'Doors'),
  (8, 'Electrical'),
  (9, 'Engines'),
  (10, 'Exhaust System'),
  (11, 'Fuel System'),
  (12, 'Glass'),
  (13, 'Heating'),
  (14, 'Interior'),
  (15, 'Lights'),
  (16, 'Steering'),
  (17, 'Suspension'),
  (18, 'Transmission'),
  (19, 'Wheels');

INSERT INTO parts (id, name, part_category_id, price) VALUES
  (1, 'A/C Compressor', 1, '192.99'),
  (2, 'A/C Condenser', 1, '185.00'),
  (3, 'A/C Evaporator Core', 1, '101.00'),
  (4, 'A/C Accumulator/Drier', 1, '354.99'),
  (5, 'A/C Expansion Valve', 1, '489.00'),
  (6, 'A/C Hose Assembly', 1, '519.99'),
  (7, 'Front Driveshaft', 2, '944.99'),
  (8, 'Rear Driveshaft', 2, '1144.99'),
  (9, 'Front Differential', 2, '1016.00'),
  (10, 'Rear Differential', 2, '201.99'),
  (11, 'CV Axle (Front)', 2, '780.99'),
  (12, 'U-Joint', 2, '172.00'),
  (13, 'Hood', 3, '274.00'),
  (14, 'Front Bumper', 3, '823.99'),
  (15, 'Rear Bumper', 3, '630.00'),
  (16, 'Tailgate', 3, '821.00'),
  (17, 'Grille', 3, '521.99'),
  (18, 'Fender (Front)', 3, '324.00'),
  (19, 'Bed Side Panel', 3, '639.99'),
  (20, 'Radiator Support', 3, '690.99'),
  (21, 'Brake Caliper (Front)', 4, '66.99'),
  (22, 'Brake Caliper (Rear)', 4, '198.99'),
  (23, 'Brake Master Cylinder', 4, '190.99'),
  (24, 'Brake Booster', 4, '363.00'),
  (25, 'ABS Module', 4, '102.99'),
  (26, 'Brake Rotor (Front)', 4, '230.99'),
  (27, 'Brake Rotor (Rear)', 4, '167.99'),
  (28, 'Radiator', 5, '441.00'),
  (29, 'Cooling Fan Assembly', 5, '257.00'),
  (30, 'Fan Clutch', 5, '186.99'),
  (31, 'Thermostat Housing', 5, '190.00'),
  (32, 'Water Pump', 5, '420.99'),
  (33, 'Overflow Reservoir', 5, '467.00'),
  (34, 'Instrument Cluster', 6, '183.99'),
  (35, 'Dash Bezel/Trim', 6, '120.00'),
  (36, 'Glove Box', 6, '63.99'),
  (37, 'Radio Bezel', 6, '174.99'),
  (38, 'Center Console Lid', 6, '175.99'),
  (39, 'Door (Front Left)', 7, '92.00'),
  (40, 'Door (Front Right)', 7, '313.00'),
  (41, 'Door (Rear Left)', 7, '334.99'),
  (42, 'Door (Rear Right)', 7, '536.00'),
  (43, 'Door Handle (Exterior)', 7, '69.00'),
  (44, 'Window Regulator', 7, '202.99'),
  (45, 'Door Mirror', 7, '604.00'),
  (46, 'Alternator', 8, '302.99'),
  (47, 'Starter Motor', 8, '67.00'),
  (48, 'Battery Cable', 8, '78.99'),
  (49, 'Fuse Box', 8, '80.00'),
  (50, 'Body Control Module (BCM)', 8, '275.99'),
  (51, 'Engine Control Module (ECM)', 8, '280.99'),
  (52, 'Ignition Coil', 8, '232.99'),
  (53, 'Complete Engine Assembly', 9, '2734.00'),
  (54, 'Cylinder Head', 9, '2670.00'),
  (55, 'Intake Manifold', 9, '2371.00'),
  (56, 'Oil Pan', 9, '3255.00'),
  (57, 'Timing Cover', 9, '1085.99'),
  (58, 'Valve Cover', 9, '2499.99'),
  (59, 'Throttle Body', 9, '2879.99'),
  (60, 'Catalytic Converter', 10, '27.99'),
  (61, 'Muffler', 10, '330.99'),
  (62, 'Exhaust Manifold', 10, '177.99'),
  (63, 'Oxygen Sensor', 10, '576.99'),
  (64, 'Exhaust Pipe (Front)', 10, '378.99'),
  (65, 'Exhaust Pipe (Rear)', 10, '590.99'),
  (66, 'Fuel Pump', 11, '491.99'),
  (67, 'Fuel Tank', 11, '218.00'),
  (68, 'Fuel Injector', 11, '417.00'),
  (69, 'Fuel Rail', 11, '445.00'),
  (70, 'Fuel Pressure Regulator', 11, '350.99'),
  (71, 'Fuel Filler Neck', 11, '415.99'),
  (72, 'Windshield', 12, '369.00'),
  (73, 'Back Glass', 12, '283.00'),
  (74, 'Door Glass (Front)', 12, '94.99'),
  (75, 'Door Glass (Rear)', 12, '475.00'),
  (76, 'Quarter Glass', 12, '477.99'),
  (77, 'Heater Core', 13, '71.99'),
  (78, 'Blower Motor', 13, '27.00'),
  (79, 'Blower Motor Resistor', 13, '229.00'),
  (80, 'Heater Control Valve', 13, '58.99'),
  (81, 'Climate Control Module', 13, '155.99'),
  (82, 'Front Seat (Driver)', 14, '653.99'),
  (83, 'Front Seat (Passenger)', 14, '680.00'),
  (84, 'Rear Seat', 14, '351.99'),
  (85, 'Seat Belt', 14, '339.99'),
  (86, 'Carpet', 14, '569.00'),
  (87, 'Sun Visor', 14, '647.00'),
  (88, 'Steering Column Shroud', 14, '255.99'),
  (89, 'Headlight Assembly', 15, '131.00'),
  (90, 'Tail Light Assembly', 15, '237.00'),
  (91, 'Third Brake Light', 15, '66.99'),
  (92, 'Fog Light', 15, '100.99'),
  (93, 'Turn Signal Lamp', 15, '29.00'),
  (94, 'Steering Rack', 16, '362.00'),
  (95, 'Power Steering Pump', 16, '330.99'),
  (96, 'Steering Gear Box', 16, '413.99'),
  (97, 'Tie Rod End', 16, '179.00'),
  (98, 'Steering Column', 16, '573.99'),
  (99, 'Front Strut', 17, '599.00'),
  (100, 'Rear Shock', 17, '194.00'),
  (101, 'Control Arm (Front)', 17, '100.99'),
  (102, 'Control Arm (Rear)', 17, '266.99'),
  (103, 'Ball Joint', 17, '166.00'),
  (104, 'Sway Bar', 17, '492.99'),
  (105, 'Leaf Spring', 17, '490.99'),
  (106, 'Automatic Transmission', 18, '638.99'),
  (107, 'Manual Transmission', 18, '1778.00'),
  (108, 'Transfer Case', 18, '902.99'),
  (109, 'Transmission Cooler', 18, '2015.99'),
  (110, 'Torque Converter', 18, '2337.99'),
  (111, 'Transmission Control Module (TCM)', 18, '2471.99'),
  (112, 'Wheel (Steel)', 19, '75.99'),
  (113, 'Wheel (Alloy)', 19, '243.99'),
  (114, 'Tire (Used)', 19, '52.00'),
  (115, 'Spare Tire', 19, '122.99'),
  (116, 'Wheel Center Cap', 19, '172.99'),
  (117, 'Lug Nuts Set', 19, '204.99');

INSERT INTO vehicles (year, model_id, color, odometer, vin, date_received, picture_folder, lot_space_code) VALUES
  (1998, 1, 'Red', 241768, 'S2HSCF3XTPXST2JW6', '2025-02-07', 'S2HSCF3XTPXST2JW6', 'H11'),
  (2005, 7, 'Gold', 159240, 'A6GEP9TJZES0VL5WA', '2025-12-06', 'A6GEP9TJZES0VL5WA', 'H7'),
  (2002, 10, 'Green', 228704, 'GJTHGKUVPYPT98TDF', '2025-05-22', 'GJTHGKUVPYPT98TDF', 'D13'),
  (2015, 13, 'Black', 160404, 'CAYJTL54AHEKC0K4J', '2025-07-06', 'CAYJTL54AHEKC0K4J', 'G13'),
  (2016, 17, 'Blue', 140866, 'CZPSGZ3KSLM3BMY3S', '2025-12-26', 'CZPSGZ3KSLM3BMY3S', 'C10'),
  (1999, 21, 'Blue', 166025, 'G1C7RN6ZWRRBN2YUE', '2025-11-25', 'G1C7RN6ZWRRBN2YUE', 'G20'),
  (2000, 22, 'Beige', 144914, '92YBHTMTCG4ZX49H1', '2025-05-11', '92YBHTMTCG4ZX49H1', 'B14'),
  (2005, 24, 'Gold', 136683, 'C4AN04EYXHW9W3X2V', '2025-04-09', 'C4AN04EYXHW9W3X2V', 'H15'),
  (2017, 29, 'Silver', 206356, '31MW2AWVP4X655P97', '2025-02-13', '31MW2AWVP4X655P97', 'M10'),
  (2015, 30, 'Green', 184799, 'V9YFSWRNKBCS7E63N', '2025-07-24', 'V9YFSWRNKBCS7E63N', 'C14'),
  (2005, 16, 'Green', 228864, 'SKAG4RM6DSH6J6X59', '2025-10-08', 'SKAG4RM6DSH6J6X59', 'E20'),
  (2006, 26, 'Gold', 130561, '5L75TSU8SU5EVSUYX', '2025-03-12', '5L75TSU8SU5EVSUYX', 'D12'),
  (2011, 2, 'Brown', 120772, 'KR1KPE33Y63DP31B1', '2025-06-30', 'KR1KPE33Y63DP31B1', 'C5'),
  (2002, 21, 'Green', 197580, 'W13R8RU48B1Y2L6JB', '2025-10-16', 'W13R8RU48B1Y2L6JB', 'H1'),
  (2001, 15, 'Blue', 229433, 'BF4J6MDT1XP6XY1U3', '2025-02-11', 'BF4J6MDT1XP6XY1U3', 'K9'),
  (2001, 8, 'Brown', 211680, '7BDZRECBSNBKSJ7HP', '2025-05-12', '7BDZRECBSNBKSJ7HP', 'B19'),
  (2017, 21, 'Red', 189827, '0LHLWGBW12NESGWHC', '2025-08-08', '0LHLWGBW12NESGWHC', 'A20'),
  (2012, 17, 'Green', 228230, '0E9YA38G406K4MU76', '2025-10-31', '0E9YA38G406K4MU76', 'E10'),
  (2010, 27, 'Blue', 164608, 'UXSFU5S61YB8XM8PZ', '2025-05-24', 'UXSFU5S61YB8XM8PZ', 'G14'),
  (2018, 7, 'Blue', 207026, 'UANFS38S785BFVR2S', '2025-10-25', 'UANFS38S785BFVR2S', 'A2'),
  (2016, 31, 'Gray', 216810, '07Z4YZ6UWTRHNXHMN', '2025-09-05', '07Z4YZ6UWTRHNXHMN', 'L13'),
  (1999, 13, 'White', 234389, 'UVGNVR0MWAJUCDVJ8', '2025-01-07', 'UVGNVR0MWAJUCDVJ8', 'E17'),
  (2000, 15, 'Beige', 244403, 'V775YMDT7HE28EDKK', '2025-06-05', 'V775YMDT7HE28EDKK', 'M16'),
  (2010, 13, 'Silver', 151439, 'FSH3R155W4WDGPPTF', '2025-03-30', 'FSH3R155W4WDGPPTF', 'G1'),
  (2018, 18, 'White', 191376, 'ELA357VCRVV6ERTN4', '2025-04-26', 'ELA357VCRVV6ERTN4', 'C7');

SET FOREIGN_KEY_CHECKS = 1;
